SpecificHeatCapacity_composition_average,MeltingT_composition_average,HeatVaporization_composition_average,BCCvolume_padiff_composition_average,NdValence_composition_average,IonicRadii_composition_average,HeatCapacityMass_composition_average,MendeleevNumber_composition_average,IsFCC_composition_average,GSenergy_pa_composition_average,NUnfilled_composition_average,HHIr_composition_average,ElasticModulus_composition_average,ElectronAffinity_composition_average,valence_composition_average,BCCmagmom_composition_average,MiracleRadius_composition_average,BCCenergy_pa_composition_average,HeatFusion_composition_average,ThirdIonizationEnergy_composition_average
0.235,1234.93,250.63,-0.13,10.0,1.15,0.235,65.0,1.0,-2.76539356,1.0,1400.0,80.0,125.7,2.0,0.0,144.0,-2.71997917,11.3,34.83
0.32799999999999996,1501.4650000000001,311.96500000000003,0.0325,8.5,0.8999999999999999,0.32799999999999996,61.5,0.5,-4.9228913525,2.0,2050.0,144.0,97.85,2.5,0.8420186,134.5,-4.85003287,13.75,34.165
0.34199999999999997,1707.4650000000001,295.065,-0.075,7.5,0.885,0.34199999999999997,57.0,0.5,-6.13555505,3.5,2750.0,169.5,94.85,4.0,0.0,137.0,-6.112393375,16.15,32.894999999999996
0.31,1296.35,275.565,-0.060000000000000005,10.0,0.94,0.31,64.5,1.0,-3.2230241900000003,1.0,1450.0,102.0,122.0,2.0,0.0,135.0,-3.181433225,12.45,35.83
0.34199999999999997,1522.9650000000001,300.065,-0.065,8.0,0.85,0.34199999999999997,60.0,0.5,-5.52543896,2.5,1400.0,145.5,74.85,4.0,1.0553314,134.5,-5.502731765,12.555,32.7405
0.3575,1376.9650000000001,235.185,-0.0537931035,7.5,0.9099999999999999,0.357,58.5,0.5,-5.89297940517,3.0,1600.0,139.0,62.85,4.5,0.40928645,138.0,-5.795194965,12.105,34.2485
0.3395,1481.4650000000001,314.065,-0.060000000000000005,9.0,0.9199999999999999,0.3395,63.0,1.0,-4.1558590650000005,1.5,1450.0,144.0,118.35,2.5,0.0322836,135.0,-4.0795591049999995,14.39,35.0
0.40149999999999997,1524.4650000000001,277.71500000000003,-0.0825,5.5,0.95,0.40149999999999997,38.0,0.5,-4.525453325,5.0,2950.0,80.0,71.9,2.5,0.0,153.0,-4.446035165,12.7,29.795
0.379,1587.9650000000001,337.91499999999996,0.009999999999999995,6.0,0.8799999999999999,0.3795,54.0,0.5,-5.27031034,4.5,1500.0,95.0,72.85,3.0,0.0,143.0,-5.19062364,12.725000000000001,31.1605
0.362,1708.9650000000001,348.66499999999996,-0.065,6.5,0.845,0.362,55.5,0.5,-5.8523271249999995,4.0,2400.0,104.5,87.85,3.5,0.0,139.0,-5.82961993,16.4,32.07
0.3115,963.8050000000001,182.965,0.035,10.0,0.945,0.3115,67.0,0.5,-2.0026967375,0.5,1650.0,87.5,62.85,2.0,0.0,142.0,-1.9385353349999999,9.184000000000001,37.275999999999996
0.9,933.47,290.8,0.44,0.0,0.54,0.897,73.0,1.0,-3.74542312,5.0,1000.0,70.5,45.0,3.0,0.0,141.0,-3.65018713,10.71,28.447
0.5675,1084.2,270.71500000000003,0.155,5.0,0.845,0.5660000000000001,69.0,1.0,-3.25540834,3.0,1200.0,75.25,85.35,2.5,0.0,142.5,-3.1850831499999996,11.005,31.6385
0.615,1011.735,161.6,-1.3625,5.0,0.56,0.613,78.5,0.5,-4.1981561175,4.0,2500.0,54.75,61.0,4.0,0.0,128.0,-3.93257556,17.575000000000003,28.399
0.514,1135.4,307.615,0.235,5.0,0.6950000000000001,0.513,69.5,1.0,-3.4775578649999996,3.0,1000.0,74.4,133.87,3.0,0.0,142.0,-3.417319975,11.63,14.2235
0.511,738.935,234.9,-1.3,5.0,0.785,0.5095000000000001,79.5,0.5,-3.8595587599999996,4.0,3500.0,52.25,77.5,4.0,0.0,151.5,-3.7727854350000003,10.908000000000001,27.003
0.7735000000000001,1024.2350000000001,222.735,-0.255,0.0,0.77,0.772,40.0,1.0,-2.8468763425,2.5,1250.0,45.75,-55.5,2.5,0.0,171.0,-2.78872317,9.625,39.6775
0.5660000000000001,763.845,195.335,0.2975,5.0,0.745,0.5640000000000001,71.5,0.5,-2.2787986725,2.5,1150.0,66.25,22.5,2.5,0.0,149.0,-2.195263085,8.46,32.963499999999996
0.545,1002.235,302.3,0.035,0.5,0.84,0.5445,44.0,1.0,-4.260996385,13.5,2050.0,50.25,47.5,3.5,0.0,161.5,-4.152684305,8.085,24.3235
0.6605,1350.7350000000001,332.05,0.3175,3.5,0.595,0.659,65.5,0.5,-5.4129061325,4.0,1850.0,139.25,57.5,3.0,0.8420186,133.0,-5.31513685,13.455,30.9735
0.6745,1556.7350000000001,315.15,0.21,2.5,0.5800000000000001,0.673,61.0,0.5,-6.62556983,5.5,2550.0,164.75,54.5,4.5,0.0,135.5,-6.577497355,15.855,29.7035
0.6425000000000001,1145.62,295.65,0.225,5.0,0.635,0.641,68.5,1.0,-3.71303897,3.0,1250.0,97.25,81.65,2.5,0.0,133.5,-3.646537205,12.155000000000001,32.6385
0.534,1351.7350000000001,291.84000000000003,0.2675,0.0,0.77,0.5325,54.0,0.5,-4.154528432499999,3.5,2050.0,71.75,47.5,3.0,0.0,158.0,-4.036032479999999,15.305,25.593
0.6745,1372.2350000000001,320.15,0.22,3.0,0.545,0.673,64.0,0.5,-6.01545374,4.5,1200.0,140.75,34.5,4.5,1.0553314,133.0,-5.967835745,12.260000000000002,29.549
0.6355,618.19,273.43,-0.23875,5.0,0.5800000000000001,0.635,73.5,0.5,-3.37883921125,5.0,1450.0,40.75,37.0,3.0,0.0,137.5,-3.314288945,8.1475,29.5785
0.61,1072.435,312.55,-1.8724999999999998,5.0,0.535,0.6085,76.0,1.0,-4.1807313325,4.5,1450.0,92.75,82.5,3.5,0.0,127.5,-3.96427601,23.825,31.3335
0.52,1719.7350000000001,475.93500000000006,0.05499999999999999,1.0,0.685,0.5205,59.0,0.5,-6.8498612275,6.5,1800.0,104.75,22.5,3.5,0.0,149.5,-6.712418245,18.955,25.883499999999998
0.52,583.895,175.05,-1.2337931035,5.0,0.78,0.5185,72.0,0.5,-1.9977643412069999,2.5,2050.0,46.25,22.5,2.5,0.0,146.5,-1.905009045,6.5025,31.3245
0.5665,681.61,258.5675,0.305,5.0,0.67,0.5650000000000001,74.0,0.5,-3.20611254,5.0,1500.0,42.25,37.0,3.0,0.0,148.0,-3.152046125,7.000500000000001,28.238500000000002
0.515,1836.2350000000001,427.19000000000005,0.43,3.5,0.585,0.514,66.5,1.0,-6.296967285,4.0,5050.0,301.75,97.5,3.0,0.24154275,138.5,-5.93867135,25.915,14.2235
0.545,1063.2350000000001,345.185,0.50625,0.5,0.85,0.546,43.0,0.5,-4.336484652499999,7.0,2050.0,60.25,47.5,3.0,0.00040255,164.0,-4.223025825000001,8.455,23.810499999999998
0.96,928.235,209.2,0.215,0.0,0.63,0.96,70.5,0.5,-2.6438477149999997,2.5,750.0,57.45,-92.5,2.5,0.0,150.5,-2.58192898,9.595,54.295
0.69,1226.2350000000001,255.27,0.2312068965,2.5,0.605,0.688,62.5,0.5,-6.38299418517,5.0,1400.0,134.25,22.5,5.0,0.40928645,136.5,-6.260298945000001,11.81,31.057000000000002
0.575,1914.7350000000001,440.6,0.22,2.5,0.565,0.5740000000000001,61.5,0.5,-7.295765445,5.5,3150.0,196.25,70.5,4.5,0.0,140.0,-7.248147449999999,24.095,27.8035
1.065,652.1700000000001,194.405,0.2033333335,0.0,0.78,1.0625,37.5,0.5,-2.5028322516649997,3.0,750.0,37.75,48.85,2.0,0.0,160.5,-2.452335915,6.655,50.044000000000004
0.5825,1841.7350000000001,490.45000000000005,0.22,2.0,0.5900000000000001,0.581,60.0,0.5,-6.919372325,6.0,4900.0,87.25,70.5,4.0,0.0,142.0,-6.87175433,20.355,26.743499999999997
0.545,1113.7350000000001,287.24,0.3,0.0,0.915,0.5435,46.0,0.5,-4.25388723,7.5,2050.0,54.25,47.5,3.0,0.0,161.5,-4.140469715,8.925,25.261499999999998
0.672,1330.7350000000001,334.15,0.225,4.0,0.615,0.6705,67.0,1.0,-4.645873845000001,3.5,1250.0,139.25,78.0,3.0,0.0322836,133.5,-4.544663085,14.095,31.808500000000002
0.515,2119.735,459.20000000000005,0.46499999999999997,3.0,0.585,0.5135000000000001,65.0,0.5,-7.483063555,4.5,5050.0,310.25,77.5,5.5,0.0,138.0,-6.991276395,34.28,14.2235
0.8345,625.385,151.6,-3.9851190475,0.0,0.35500000000000004,0.833,78.0,0.5,-4.57296608125,4.0,3050.0,37.75,58.35,4.0,0.0,121.5,-4.166611665,14.625,29.313499999999998
0.5145,767.04,234.35000000000002,0.125,5.0,0.865,0.5135000000000001,77.0,1.0,-3.687226365,4.5,1400.0,45.25,77.5,3.5,0.0,157.5,-3.6164808500000003,7.742000000000001,30.195
0.5720000000000001,1380.76,342.05,0.25,5.0,0.5900000000000001,0.5705,67.5,1.0,-4.441598845,2.5,4500.0,98.75,52.5,3.5,0.0,141.5,-4.370600015,13.725,30.688499999999998
0.515,1487.435,400.625,0.245,4.5,0.585,0.515,68.0,1.0,-4.8869664,3.5,5050.0,122.75,125.15,3.5,0.0,140.0,-4.787662559999999,16.442500000000003,14.2235
0.5185,2196.235,498.95000000000005,0.2925,2.5,0.535,0.517,63.5,0.5,-8.0812254425,5.0,2150.0,265.75,29.5,5.0,0.0,139.0,-7.87598259,22.395,14.2235
0.571,1585.2350000000001,393.095,0.37,4.0,0.605,0.5700000000000001,66.0,1.0,-5.49953432,4.0,4500.0,200.25,82.5,4.5,0.18517845,136.5,-5.28008552,18.65,29.7535
0.569,1770.2350000000001,429.28499999999997,0.42000000000000004,3.5,0.5800000000000001,0.5675,64.5,0.5,-6.470028345,4.5,4500.0,250.25,77.5,5.5,2.865e-05,137.5,-6.110559755000001,24.650000000000002,28.4585
0.8049999999999999,660.915,150.4,-4.8634375,0.0,0.41500000000000004,0.8025,80.5,0.5,-3.921319919375,3.5,1000.0,44.75,122.71,4.5,0.0,122.0,-3.32648814,6.2155000000000005,31.6385
0.5535,918.625,179.385,-2.0149999999999997,5.0,0.65,0.552,79.0,0.5,-3.93139273,4.0,2200.0,68.75,73.0,4.0,0.0,148.0,-3.7700511299999997,15.25,26.8735
0.734,1373.7350000000001,297.8,0.2025,0.5,0.645,0.7324999999999999,42.0,0.5,-5.015468105,7.0,2750.0,75.25,31.55,3.0,0.0,151.5,-4.911139145,12.405000000000001,26.6035
0.61,713.735,158.56,-2.655,5.0,0.52,0.609,81.0,0.5,-3.608107515,3.5,3500.0,45.25,119.98,4.5,0.0,129.5,-3.2754641199999996,8.700000000000001,29.633499999999998
0.8,1310.2350000000001,324.9,-2.695,0.0,0.4,0.8045,75.5,1.0,-4.5851705625,4.5,1000.0,116.25,89.3,3.5,0.0,125.5,-4.27609876,30.46,30.969499999999996
0.5640000000000001,719.275,290.58500000000004,-3.8074999999999997,5.0,0.625,0.562,76.5,0.5,-3.853235105,4.5,1300.0,60.25,83.0,3.5,0.0,148.0,-3.7725562850000003,8.93,29.4745
0.52,2111.735,513.9,0.22,1.5,0.5900000000000001,0.5185,60.5,0.5,-7.7984113299999995,6.0,2900.0,126.75,52.5,4.0,0.0,143.0,-7.750793334999999,23.64,14.2235
0.5700000000000001,1681.7350000000001,396.4,0.2975,2.5,0.55,0.4485,63.0,0.5,-7.0502871575,5.0,500.0,225.25,57.5,5.0,0.0,138.5,-6.870974255,22.0,28.993499999999997
0.551,828.065,170.715,-3.0116666664999996,5.0,0.755,0.5495,81.5,0.5,-3.443362813335,3.5,2950.0,55.25,117.575,4.5,0.0,140.5,-3.242152775,14.045,28.2035
0.7115,1437.2350000000001,358.0,0.295,1.0,0.575,0.7105,58.0,0.5,-5.76032512,6.5,1300.0,90.25,32.5,3.5,0.0,141.5,-5.65572762,12.43,27.969
0.5145,755.235,226.445,-0.11000000000000001,5.0,1.065,0.513,74.5,0.5,-3.009050325,5.0,3750.0,41.25,37.5,3.0,0.0,156.5,-2.95154243,7.426,29.137999999999998
0.6945,1558.2350000000001,368.75,0.22,1.5,0.54,0.6930000000000001,59.5,0.5,-6.342341905,6.0,2200.0,99.75,47.5,4.0,0.0,137.5,-6.29472391,16.105,28.8785
0.515,2314.235,356.69,0.22,2.0,0.5700000000000001,0.5145,62.0,0.5,-8.35211187,5.5,2650.0,235.75,52.5,4.5,0.0,138.0,-8.304493875,31.51,14.2235
0.6,1366.2350000000001,342.05,0.3025,0.5,0.78,0.5975,42.5,0.5,-5.1050114475,7.0,1800.0,67.45,22.5,3.0,0.0,160.0,-4.9952423249999995,11.05,24.4835
0.644,813.075,203.05,0.32,5.0,0.64,0.6425000000000001,71.0,0.5,-2.4927115175,2.5,1450.0,82.75,22.5,2.5,0.0,140.5,-2.403639315,8.889,34.0845
0.589,1530.7350000000001,440.65,-0.0025000000000000022,1.0,0.69,0.5875,58.5,0.5,-6.1456908375,6.5,1800.0,82.25,47.5,3.5,0.0,149.5,-6.058731,15.855,25.7185
0.128,1337.33,324.43,0.03,10.0,0.85,0.129,66.0,1.0,-3.20969261,1.0,1000.0,78.3,222.74,3.0,0.0,143.0,-3.18445282,12.55,0.0
0.1815,1286.13,287.53,-0.05,10.0,1.0,0.182,65.5,1.0,-2.987543085,1.0,1200.0,79.15,174.22,2.5,0.0,143.5,-2.952215995,11.925,17.415
0.18,965.775,212.15,0.0925,10.0,0.8999999999999999,0.18,68.0,0.5,-2.0109334175,0.5,1150.0,70.15,111.37,2.5,0.0,150.0,-1.96239593,9.38,18.74
0.189,2116.665,457.41499999999996,0.015,7.5,0.72,0.19,58.0,0.5,-7.0279001899999995,3.5,3150.0,200.15,159.37,4.5,0.0,141.0,-7.015280295,25.015,13.58
0.1965,2043.665,507.265,0.015,7.0,0.745,0.197,56.5,0.5,-6.65150707,4.0,4900.0,91.15,159.37,4.0,0.0,143.0,-6.638887175000001,21.275,12.52
0.186,1582.69,358.865,0.045,10.0,0.745,0.1865,64.0,1.0,-4.17373359,0.5,4500.0,102.65,141.37,3.5,0.0,142.5,-4.13773286,14.645,16.465
0.185,1787.165,409.90999999999997,0.16499999999999998,9.0,0.76,0.186,62.5,1.0,-5.231669065,2.0,4500.0,204.15,171.37,4.5,0.18517845,137.5,-5.047218365,19.57,15.53
0.183,1972.165,446.1,0.21500000000000002,8.5,0.735,0.1835,61.0,0.5,-6.20216309,2.5,4500.0,254.15,166.37,5.5,2.865e-05,138.5,-5.8776926000000005,25.57,14.235
0.184,1883.665,413.21500000000003,0.0925,7.5,0.7050000000000001,0.0645,59.5,0.5,-6.782421902499999,3.0,500.0,229.15,146.37,5.0,0.0,139.5,-6.6381071,22.92,14.77
0.214,1568.165,358.865,0.0975,5.5,0.935,0.2135,39.0,0.5,-4.8371461925,5.0,1800.0,71.35,111.37,3.0,0.0,161.0,-4.76237517,11.97,10.26
0.203,1732.665,457.46500000000003,-0.20750000000000002,6.0,0.845,0.20350000000000001,55.0,0.5,-5.8778255825,4.5,1800.0,86.15,136.37,3.5,0.0,150.5,-5.825863845000001,16.775,11.495
0.647,1115.0,154.67,-0.95,0.0,1.0,0.647,7.0,1.0,-1.948329565,0.0,1500.0,21.0,-156.0,2.0,0.0,201.0,-1.92725921,8.54,50.908
0.441,1174.9650000000001,202.64999999999998,-0.54,5.0,1.075,0.441,36.0,1.0,-2.3568615625000002,0.5,1450.0,50.5,-15.149999999999999,2.0,0.0,172.5,-2.3236191899999996,9.92,42.869
0.4395,854.61,127.27,-0.39749999999999996,5.0,0.975,0.439,38.5,0.5,-1.380251895,0.0,1400.0,41.5,-78.0,2.0,0.0,179.0,-1.3337991249999999,7.375,44.194
0.456,1932.5,422.385,-0.475,2.0,0.8200000000000001,0.456,27.0,0.5,-6.0208255475,3.5,5150.0,62.5,-30.0,3.5,0.0,172.0,-6.01029037,19.27,37.974000000000004
0.47350000000000003,1457.0,273.985,-0.39249999999999996,0.5,1.01,0.47250000000000003,9.5,0.5,-4.20646467,4.5,2050.0,42.7,-78.0,2.5,0.0,190.0,-4.1337783649999995,9.965,35.714
0.4625,1621.5,372.585,-0.6975,1.0,0.9199999999999999,0.4625,25.5,0.5,-5.24714406,4.0,2050.0,57.5,-53.0,3.0,0.0,179.5,-5.19726704,14.77,36.949
0.385,1357.77,300.5,0.01,10.0,0.73,0.385,64.0,1.0,-3.68065482,1.0,1500.0,124.0,118.3,2.0,0.0,126.0,-3.64288728,13.6,36.83
0.31,1296.35,275.565,-0.060000000000000005,10.0,0.94,0.31,64.5,1.0,-3.2230241900000003,1.0,1450.0,102.0,122.0,2.0,0.0,135.0,-3.181433225,12.45,35.83
0.6425000000000001,1145.62,295.65,0.225,5.0,0.635,0.641,68.5,1.0,-3.71303897,3.0,1250.0,97.25,81.65,2.5,0.0,133.5,-3.646537205,12.155000000000001,32.6385
0.2565,1347.55,312.46500000000003,0.02,10.0,0.79,0.257,65.0,1.0,-3.445173715,1.0,1250.0,101.15,170.52,2.5,0.0,134.5,-3.4136700500000003,13.075,18.415
0.2535,951.085,239.75,-1.5150000000000001,10.0,0.88,0.2535,75.0,0.5,-3.82717461,2.0,3750.0,79.0,114.15,3.5,0.0,144.0,-3.76913551,12.353,31.194499999999998
0.3085,975.995,200.185,0.0825,10.0,0.84,0.308,67.0,0.5,-2.2464145225,0.5,1400.0,93.0,59.15,2.0,0.0,141.5,-2.19161316,9.905,37.155
0.403,1562.885,336.9,0.10250000000000001,8.5,0.69,0.403,61.0,0.5,-5.3805219824999995,2.0,2100.0,166.0,94.15,2.5,0.8420186,125.5,-5.3114869250000005,14.899999999999999,35.165
0.41700000000000004,1768.885,320.0,-0.005,7.5,0.675,0.41700000000000004,56.5,0.5,-6.5931856799999995,3.5,2800.0,191.5,91.15,4.0,0.0,128.0,-6.57384743,17.3,33.894999999999996
0.41700000000000004,1584.385,325.0,0.005,8.0,0.64,0.41700000000000004,59.5,0.5,-5.9830695899999995,2.5,1450.0,167.5,71.15,4.0,1.0553314,125.5,-5.96418582,13.705,33.7405
0.378,830.34,278.28,-0.45375,10.0,0.675,0.379,69.0,0.5,-3.34645506125,3.0,1700.0,67.5,73.65,2.5,0.0,130.0,-3.31063902,9.5925,33.769999999999996
0.35250000000000004,1284.585,317.4,-2.0875,10.0,0.63,0.35250000000000004,71.5,1.0,-4.1483471825,2.5,1700.0,119.5,119.15,3.0,0.0,120.0,-3.960626085,25.27,35.525
0.2625,1931.885,480.785,-0.16,6.0,0.78,0.2645,54.5,0.5,-6.8174770774999995,4.5,2050.0,131.5,59.15,3.0,0.0,142.0,-6.70876832,20.4,30.075
0.2625,796.045,179.9,-1.4487931035000001,10.0,0.875,0.2625,67.5,0.5,-1.965380191207,0.5,2300.0,73.0,59.15,2.0,0.0,139.0,-1.90135912,7.9475,35.516
0.309,893.76,263.4175,0.09000000000000001,10.0,0.765,0.309,69.5,0.5,-3.17372839,3.0,1750.0,69.0,73.65,2.5,0.0,140.5,-3.1483962,8.4455,32.43
0.2575,2048.385,432.04,0.215,8.5,0.6799999999999999,0.258,62.0,1.0,-6.2645831350000005,2.0,5300.0,328.5,134.15,2.5,0.24154275,131.0,-5.935021425,27.36,18.415
0.7025,1140.385,214.05,0.0,5.0,0.725,0.704,66.0,0.5,-2.611463565,0.5,1000.0,84.2,-55.85,2.0,0.0,143.0,-2.578279055,11.04,58.4865
0.4325,1438.385,260.12,0.0162068965,7.5,0.7,0.432,58.0,0.5,-6.35061003517,3.0,1650.0,161.0,59.15,4.5,0.40928645,129.0,-6.25664902,13.254999999999999,35.2485
0.3175,2126.885,445.45,0.005,7.5,0.6599999999999999,0.318,57.0,0.5,-7.263381295,3.5,3400.0,223.0,107.15,4.0,0.0,132.5,-7.244497525,25.54,31.994999999999997
0.325,2053.885,495.3,0.005,7.0,0.685,0.325,55.5,0.5,-6.886988175000001,4.0,5150.0,114.0,107.15,3.5,0.0,134.5,-6.868104405,21.8,30.935
0.4145,1542.885,339.0,0.01,9.0,0.71,0.4145,62.5,1.0,-4.613489695,1.5,1500.0,166.0,114.65,2.5,0.0322836,126.0,-4.54101316,15.54,36.0
0.2575,2331.885,464.05,0.25,8.0,0.6799999999999999,0.2575,60.5,0.5,-7.450679405000001,2.5,5300.0,337.0,114.15,5.0,0.0,130.5,-6.98762647,35.725,18.415
0.257,979.19,239.2,-0.09,10.0,0.96,0.2575,72.5,1.0,-3.654842215,2.5,1650.0,72.0,114.15,3.0,0.0,150.0,-3.612830925,9.187,34.3865
0.3145,1592.9099999999999,346.9,0.034999999999999996,10.0,0.685,0.3145,63.0,1.0,-4.409214695,0.5,4750.0,125.5,89.15,3.0,0.0,134.0,-4.36695009,15.169999999999998,34.879999999999995
0.2575,1699.585,405.475,0.030000000000000002,9.5,0.6799999999999999,0.259,63.5,1.0,-4.85458225,1.5,5300.0,149.5,161.8,3.0,0.0,132.5,-4.784012635,17.8875,18.415
0.261,2408.385,503.8,0.0775,7.5,0.63,0.261,59.0,0.5,-8.0488412925,3.0,2400.0,292.5,66.15,4.5,0.0,131.5,-7.872332665,23.84,18.415
0.3135,1797.385,397.945,0.155,9.0,0.7,0.314,61.5,1.0,-5.46715017,2.0,4750.0,227.0,119.15,4.0,0.18517845,129.0,-5.276435595000001,20.095,33.945
0.3115,1982.385,434.135,0.20500000000000002,8.5,0.675,0.3115,60.0,0.5,-6.437644195000001,2.5,4750.0,277.0,114.15,5.0,2.865e-05,130.0,-6.10690983,26.095000000000002,32.65
0.5475,873.065,155.25,-5.0784375,5.0,0.51,0.5465,76.0,0.5,-3.888935769375,1.5,1250.0,71.5,159.35999999999999,4.0,0.0,114.5,-3.322838215,7.6605,35.83
0.296,1130.775,184.235,-2.23,10.0,0.745,0.296,74.5,0.5,-3.89900858,2.0,2450.0,95.5,109.65,3.5,0.0,140.5,-3.766401205,16.695,31.064999999999998
0.4765,1585.885,302.65,-0.0125,5.5,0.74,0.4765,37.5,0.5,-4.983083955,5.0,3000.0,102.0,68.2,2.5,0.0,144.0,-4.90748922,13.85,30.795
0.5425,1522.385,329.75,-2.91,5.0,0.495,0.5485,71.0,1.0,-4.5527864125,2.5,1250.0,143.0,125.94999999999999,3.0,0.0,118.0,-4.2724488350000005,31.905,35.161
0.3065,931.425,295.435,-4.0225,10.0,0.72,0.306,72.0,0.5,-3.820850955,2.5,1550.0,87.0,119.65,3.0,0.0,140.5,-3.76890636,10.375,33.666
0.2625,2323.885,518.75,0.005,6.5,0.685,0.2625,56.0,0.5,-7.76602718,4.0,3150.0,153.5,89.15,3.5,0.0,135.5,-7.74714341,25.085,18.415
0.3125,1893.885,401.25,0.0825,7.5,0.645,0.1925,58.5,0.5,-7.017903007499999,3.0,750.0,252.0,94.15,4.5,0.0,131.0,-6.86732433,23.445,33.185
0.454,1649.385,362.85,0.08,6.0,0.6699999999999999,0.4545,53.5,0.5,-5.727940970000001,4.5,1550.0,117.0,69.15,3.0,0.0,134.0,-5.652077695,13.875,32.1605
0.257,967.385,231.29500000000002,-0.325,10.0,1.1600000000000001,0.257,70.0,0.5,-2.976666175,3.0,4000.0,68.0,74.15,2.5,0.0,149.0,-2.947892505,8.871,33.329499999999996
0.437,1770.385,373.6,0.005,6.5,0.635,0.437,55.0,0.5,-6.309957754999999,4.0,2450.0,126.5,84.15,3.5,0.0,130.0,-6.291073985,17.55,33.07
0.2575,2526.385,361.53999999999996,0.005,7.0,0.665,0.2585,57.5,0.5,-8.31972772,3.5,2900.0,262.5,89.15,4.0,0.0,130.5,-8.30084395,32.955,18.415
0.3865,1025.225,207.9,0.10500000000000001,10.0,0.735,0.3865,66.5,0.5,-2.4603273675,0.5,1700.0,109.5,59.15,2.0,0.0,133.0,-2.39998939,10.334,38.275999999999996
0.3315,1742.885,445.5,-0.2175,6.0,0.7849999999999999,0.3315,54.0,0.5,-6.1133066875,4.5,2050.0,109.0,84.15,3.0,0.0,142.0,-6.055081075,17.3,29.909999999999997
0.449,1811.0,349.5,0.0,6.0,0.55,0.449,55.0,0.0,-8.28548436,4.0,1400.0,211.0,24.0,6.0,2.1106628,125.0,-8.28548436,13.81,30.651
0.6745,1372.2350000000001,320.15,0.22,3.0,0.545,0.673,64.0,0.5,-6.01545374,4.5,1200.0,140.75,34.5,4.5,1.0553314,133.0,-5.967835745,12.260000000000002,29.549
0.3895,1450.5,190.95,-1.5825,8.0,0.565,0.389,69.5,0.0,-6.4681867375,3.5,2700.0,125.0,50.5,5.5,1.0553314,120.0,-6.250224175,19.125,29.500999999999998
0.2855,1177.7,264.25,-1.52,8.0,0.79,0.2855,70.5,0.0,-6.12958938,3.5,3700.0,122.5,67.0,5.5,1.0553314,143.5,-6.09043405,12.458,28.105
0.435,1789.5,361.4,0.0975,6.5,0.6000000000000001,0.435,56.5,0.0,-7.6829367525,3.5,2050.0,209.5,47.0,4.5,1.8973499999999999,125.0,-7.6327854649999995,15.004999999999999,32.0755
0.449,1995.5,344.5,-0.01,5.5,0.585,0.449,52.0,0.0,-8.89560045,5.0,2750.0,235.0,44.0,6.0,1.0553314,127.5,-8.89514597,17.405,30.805500000000002
0.41000000000000003,1056.955,302.78,-0.45875,8.0,0.585,0.41100000000000003,64.5,0.0,-5.64886983125,4.5,1650.0,111.0,26.5,4.5,1.0553314,129.5,-5.63193756,9.6975,30.680500000000002
0.3845,1511.2,341.9,-2.0925,8.0,0.54,0.3845,67.0,0.5,-6.4507619525,4.0,1650.0,163.0,72.0,5.0,1.0553314,119.5,-6.281924625,25.375,32.4355
0.2895,2275.0,456.54,0.21,6.5,0.5900000000000001,0.29000000000000004,57.5,0.5,-8.566997905000001,3.5,5250.0,372.0,87.0,4.5,1.29687415,130.5,-8.256319965,27.465,15.3255
0.34950000000000003,2353.5,469.95,0.0,5.5,0.5700000000000001,0.35,52.5,0.0,-9.565796065,5.0,3350.0,266.5,60.0,6.0,1.0553314,132.0,-9.565796065,25.645,28.9055
0.357,2280.5,519.8,0.0,5.0,0.595,0.357,51.0,0.0,-9.189402945000001,5.5,5100.0,157.5,60.0,5.5,1.0553314,134.0,-9.189402945000001,21.905,27.8455
0.4465,1769.5,363.5,0.005,7.0,0.62,0.4465,58.0,0.5,-6.915904465000001,3.0,1450.0,209.5,67.5,4.5,1.087615,125.5,-6.862311699999999,15.645,32.9105
0.609,1064.15,180.95,-4.2051190475,3.0,0.36000000000000004,0.609,69.0,0.0,-6.84299670125,3.5,3250.0,108.0,47.85,5.5,1.0553314,113.5,-6.48426028,16.175,30.4155
0.28900000000000003,1205.805,263.7,-0.095,8.0,0.87,0.2895,68.0,0.5,-5.957256985,4.0,1600.0,115.5,67.0,5.0,1.0553314,149.5,-5.934129465,9.292,31.297
0.34550000000000003,2024.0,422.445,0.15,7.0,0.6100000000000001,0.346,57.0,0.5,-7.76956494,3.5,4700.0,270.5,72.0,6.0,1.24050985,128.5,-7.597734135,20.2,30.8555
0.3435,2209.0,458.635,0.2,6.5,0.585,0.3435,55.5,0.0,-8.740058965,4.0,4700.0,320.5,67.0,7.0,1.05536005,129.5,-8.42820837,26.200000000000003,29.560499999999998
0.328,1357.3899999999999,208.735,-2.235,8.0,0.655,0.328,70.0,0.0,-6.20142335,3.5,2400.0,139.0,62.5,5.5,1.0553314,140.0,-6.087699745,16.8,27.9755
0.5745,1749.0,354.25,-2.915,3.0,0.405,0.5805,66.5,0.5,-6.8552011825,4.0,1200.0,186.5,78.8,5.0,1.0553314,117.5,-6.5937473749999995,32.01,32.0715
0.3385,1158.04,319.935,-4.0275,8.0,0.63,0.338,67.5,0.0,-6.1232657249999995,4.0,1500.0,130.5,72.5,5.0,1.0553314,140.0,-6.0902049,10.48,30.5765
0.34450000000000003,2120.5,425.75,0.0775,5.5,0.555,0.2245,54.0,0.0,-9.3203177775,4.5,700.0,295.5,47.0,6.5,1.0553314,130.5,-9.18862287,23.55,30.0955
0.486,1876.0,387.35,0.075,4.0,0.5800000000000001,0.48650000000000004,49.0,0.0,-8.030355740000001,6.0,1500.0,160.5,22.0,5.0,1.0553314,133.5,-7.973376235,13.98,29.070999999999998
0.469,1997.0,398.1,0.0,4.5,0.545,0.469,50.5,0.0,-8.612372525,5.5,2400.0,170.0,37.0,5.5,1.0553314,129.5,-8.612372525,17.655,29.9805
0.2895,2753.0,386.03999999999996,0.0,5.0,0.575,0.2905,53.0,0.0,-10.62214249,5.0,2850.0,306.0,42.0,6.0,1.0553314,130.0,-10.62214249,33.06,15.3255
0.4185,1251.84,232.4,0.1,8.0,0.645,0.4185,62.0,0.0,-4.7627421375,2.0,1650.0,153.0,12.0,4.0,1.0553314,132.5,-4.72128793,10.439,35.1865
0.41700000000000004,1584.385,325.0,0.005,8.0,0.64,0.41700000000000004,59.5,0.5,-5.9830695899999995,2.5,1450.0,167.5,71.15,4.0,1.0553314,125.5,-5.96418582,13.705,33.7405
0.4645,1665.0,284.62,0.0112068965,5.5,0.6100000000000001,0.46399999999999997,53.5,0.0,-8.65302480517,4.5,1600.0,204.5,12.0,6.5,1.46461785,128.5,-8.57794756,13.36,32.159
0.34199999999999997,1522.9650000000001,300.065,-0.065,8.0,0.85,0.34199999999999997,60.0,0.5,-5.52543896,2.5,1400.0,145.5,74.85,4.0,1.0553314,134.5,-5.502731765,12.555,32.7405
0.2885,1574.165,336.96500000000003,0.015,8.0,0.7,0.28900000000000003,60.5,0.5,-5.747588485,2.5,1200.0,144.65,123.37,4.5,1.0553314,134.0,-5.73496859,13.18,15.3255
0.3405,1202.6100000000001,224.685,0.0775,8.0,0.75,0.34,62.5,0.0,-4.5488292925,2.0,1350.0,136.5,12.0,4.0,1.0553314,141.0,-4.5129117,10.01,34.0655
0.2945,2158.5,505.285,-0.165,4.0,0.69,0.2965,50.0,0.0,-9.1198918475,6.0,2000.0,175.0,12.0,5.0,1.0553314,141.5,-9.03006686,20.505,26.985500000000002
0.2945,1022.66,204.4,-1.4537931035,8.0,0.785,0.2945,63.0,0.0,-4.267794961207,2.0,2250.0,116.5,12.0,4.0,1.0553314,138.5,-4.22265766,8.0525,32.4265
0.341,1120.375,287.9175,0.085,8.0,0.675,0.341,65.0,0.0,-5.4761431599999995,4.5,1700.0,112.5,26.5,4.5,1.0553314,140.0,-5.4696947399999996,8.5505,29.3405
0.2895,2558.5,488.55,0.245,6.0,0.5900000000000001,0.2895,56.0,0.0,-9.753094175000001,4.0,5250.0,380.5,67.0,7.0,1.0553314,130.0,-9.30892501,35.83,15.3255
0.34650000000000003,1819.525,371.4,0.03,8.0,0.595,0.34650000000000003,58.5,0.5,-6.711629465,2.0,4700.0,169.0,42.0,5.0,1.0553314,133.5,-6.68824863,15.274999999999999,31.7905
0.2895,1926.2,429.975,0.025,7.5,0.5900000000000001,0.29100000000000004,59.0,0.5,-7.15699702,3.0,5250.0,193.0,114.65,5.0,1.0553314,132.0,-7.105311175,17.9925,15.3255
0.5085,1812.5,327.15,-0.0175,3.5,0.65,0.5085,33.0,0.0,-7.285498725,6.5,2950.0,145.5,21.05,4.5,1.0553314,143.5,-7.2287877599999995,13.955,27.7055
0.2945,2550.5,543.25,0.0,4.5,0.595,0.2945,51.5,0.0,-10.06844195,5.5,3100.0,197.0,42.0,5.5,1.0553314,135.0,-10.06844195,25.19,15.3255
0.28900000000000003,1194.0,255.79500000000002,-0.33,8.0,1.07,0.28900000000000003,65.5,0.0,-5.2790809450000005,4.5,3950.0,111.5,27.0,4.5,1.0553314,148.5,-5.2691910449999995,8.976,30.240000000000002
0.36350000000000005,1969.5,470.0,-0.2225,4.0,0.6950000000000001,0.36350000000000005,49.5,0.0,-8.4157214575,6.0,2000.0,152.5,37.0,5.0,1.0553314,141.5,-8.376379615000001,17.405,26.8205
0.29300000000000004,2635.0,528.3,0.0725,5.5,0.54,0.29300000000000004,54.5,0.0,-10.3512560625,4.5,2350.0,336.0,19.0,6.5,1.0553314,131.0,-10.193631204999999,23.945,15.3255
0.13,2739.0,563.58,0.42,7.0,0.63,0.131,60.0,1.0,-8.84851145,3.0,9100.0,533.0,150.0,3.0,0.4830855,136.0,-8.22715557,41.12,0.0
0.1825,1986.9650000000001,407.105,0.145,8.5,0.8899999999999999,0.183,62.5,1.0,-5.806952505,2.0,5250.0,306.5,137.85,2.5,0.24154275,140.0,-5.4735673700000005,26.21,17.415
0.181,1666.6100000000001,331.725,0.2875,8.5,0.79,0.181,65.0,0.5,-4.8303428375,1.5,5200.0,297.5,75.0,2.5,0.24154275,146.5,-4.4837473050000005,23.665,18.74
0.19,2817.5,576.99,0.21,6.0,0.61,0.191,55.0,0.5,-9.84730961,4.5,7200.0,427.5,123.0,4.5,0.24154275,137.5,-9.53663167,39.3,13.58
0.1975,2744.5,626.84,0.21,5.5,0.635,0.198,53.5,0.5,-9.47091649,5.0,8950.0,318.5,123.0,4.0,0.24154275,139.5,-9.16023855,35.56,12.52
0.187,2283.525,478.44000000000005,0.24,8.5,0.635,0.1875,61.0,1.0,-6.993143010000001,1.5,8550.0,330.0,105.0,3.5,0.24154275,139.0,-6.659084235,28.93,16.465
0.186,2488.0,529.485,0.36,7.5,0.65,0.187,59.5,1.0,-8.051078485,3.0,8550.0,431.5,135.0,4.5,0.4267212,134.0,-7.568569740000001,33.855,15.53
0.184,2673.0,565.675,0.41000000000000003,7.0,0.625,0.1845,58.0,0.5,-9.02157251,3.5,8550.0,481.5,130.0,5.5,0.2415714,135.0,-8.399043975000001,39.855000000000004,14.235
0.185,2584.5,532.79,0.2875,6.0,0.595,0.0655,56.5,0.5,-9.6018313225,4.0,4550.0,456.5,110.0,5.0,0.24154275,136.0,-9.159458475000001,37.205,14.77
0.215,2269.0,478.44000000000005,0.2925,4.0,0.825,0.2145,36.0,0.5,-7.6565556125,6.0,5850.0,298.7,75.0,3.0,0.24154275,157.5,-7.283726545,26.255,10.26
0.20400000000000001,2433.5,577.04,-0.012500000000000011,4.5,0.735,0.20450000000000002,52.0,0.5,-8.697235002500001,5.5,5850.0,313.5,100.0,3.5,0.24154275,147.0,-8.34721522,31.06,11.495
1.02,923.0,127.6,-0.01,0.0,0.72,1.023,68.0,0.0,-1.54227231,0.0,500.0,44.4,-230.0,2.0,0.0,160.0,-1.51367083,8.48,80.143
0.6275,1078.9650000000001,189.115,-0.07,5.0,0.9349999999999999,0.629,66.5,0.5,-2.153832935,0.5,950.0,62.2,-52.15,2.0,0.0,152.0,-2.116825,9.89,57.4865
0.96,928.235,209.2,0.215,0.0,0.63,0.96,70.5,0.5,-2.6438477149999997,2.5,750.0,57.45,-92.5,2.5,0.0,150.5,-2.58192898,9.595,54.295
0.5740000000000001,1130.165,226.015,0.009999999999999998,5.0,0.7849999999999999,0.576,67.0,0.5,-2.37598246,0.5,750.0,61.349999999999994,-3.6299999999999955,2.5,0.0,151.5,-2.349061825,10.515,40.0715
1.4224999999999999,1241.5,212.3,-0.049999999999999996,0.0,0.585,1.424,67.5,0.0,-2.6486555025,0.0,2250.0,172.7,-235.0,2.0,0.0,136.0,-2.58447137,8.1875,117.018
0.571,733.7,153.3,-1.525,5.0,0.875,0.5725,77.0,0.0,-2.757983355,1.5,3250.0,39.2,-60.0,3.5,0.0,161.0,-2.704527285,9.793,52.851
0.8335,1019.0,141.135,-0.48,0.0,0.86,0.835,37.5,0.5,-1.7453009375000001,0.0,1000.0,32.7,-193.0,2.0,0.0,180.5,-1.7204650199999998,8.51,65.5255
0.626,758.61,113.735,0.0725,5.0,0.835,0.627,69.0,0.0,-1.1772232675,0.0,900.0,53.2,-115.0,2.0,0.0,158.5,-1.127004935,7.345000000000001,58.811499999999995
0.605,997.0,220.7,-0.19,0.5,0.9299999999999999,0.6074999999999999,41.5,0.5,-3.15942098,11.0,1800.0,37.2,-90.0,3.0,0.0,171.0,-3.084426155,6.970000000000001,50.1715
0.7205,1345.5,250.45,0.0925,3.5,0.685,0.722,63.0,0.0,-4.3113307275,1.5,1600.0,126.2,-80.0,2.5,0.8420186,142.5,-4.2468787,12.34,56.8215
0.7345,1551.5,233.55,-0.015,2.5,0.6699999999999999,0.736,58.5,0.0,-5.523994425,3.0,2300.0,151.7,-83.0,4.0,0.0,145.0,-5.509239205,14.74,55.551500000000004
0.7025,1140.385,214.05,0.0,5.0,0.725,0.704,66.0,0.5,-2.611463565,0.5,1000.0,84.2,-55.85,2.0,0.0,143.0,-2.578279055,11.04,58.4865
0.7345,1367.0,238.55,-0.005,3.0,0.635,0.736,61.5,0.0,-4.913878335,2.0,950.0,127.7,-103.0,4.0,1.0553314,142.5,-4.899577595,11.145,55.397
0.6955,612.955,191.82999999999998,-0.46375,5.0,0.6699999999999999,0.698,71.0,0.0,-2.2772638062499997,2.5,1200.0,27.7,-100.5,2.5,0.0,147.0,-2.246030795,7.032500000000001,55.426500000000004
0.628,1254.5,219.65499999999997,0.285,0.5,0.885,0.629,47.5,0.0,-3.09834681,8.0,1800.0,49.7,-90.0,2.5,0.0,168.0,-3.0121789349999997,9.075,50.389
0.5800000000000001,1714.5,394.33500000000004,-0.17,1.0,0.7749999999999999,0.5834999999999999,56.5,0.0,-5.7482858225,4.0,1550.0,91.7,-115.0,3.0,0.0,159.0,-5.644160095,17.84,51.7315
0.5800000000000001,578.66,93.44999999999999,-1.4587931035,5.0,0.87,0.5814999999999999,69.5,0.0,-0.896188936207,0.0,1800.0,33.2,-115.0,2.0,0.0,156.0,-0.836750895,5.3875,57.1725
0.6265000000000001,676.375,176.9675,0.08,5.0,0.76,0.628,71.5,0.0,-2.104537135,2.5,1250.0,29.2,-100.5,2.5,0.0,157.5,-2.083787975,5.8855,54.0865
0.575,1831.0,345.59000000000003,0.205,3.5,0.675,0.577,64.0,0.5,-5.19539188,1.5,4800.0,288.7,-40.0,2.5,0.24154275,148.0,-4.870413200000001,24.799999999999997,40.0715
0.8885000000000001,629.765,102.25,-0.5083333335,0.0,1.115,0.8899999999999999,35.5,0.0,-1.319906011665,0.5,3850.0,23.4,-90.82,1.5,0.0,195.0,-1.305093415,5.407500000000001,62.9315
0.605,1058.0,263.585,0.28125,0.5,0.94,0.609,40.5,0.0,-3.2349092475,4.5,1800.0,47.2,-90.0,2.5,0.00040255,173.5,-3.154767675,7.34,49.658500000000004
2.301,688.345,137.35,-0.046666666499999995,0.0,0.74,2.3024999999999998,34.5,0.0,-1.70607961,0.5,2350.0,27.2,-85.1,1.5,0.0,156.0,-1.6896028049999998,5.74,101.297
0.75,1221.0,173.67000000000002,0.0062068965000000005,2.5,0.6950000000000001,0.7509999999999999,60.0,0.0,-5.28141878017,2.5,1150.0,121.2,-115.0,4.5,0.40928645,146.0,-5.1920407950000005,10.695,56.905
0.635,1909.5,359.0,-0.005,2.5,0.655,0.637,59.0,0.0,-6.19419004,3.0,2900.0,183.2,-67.0,4.0,0.0,149.5,-6.1798893,22.979999999999997,53.6515
1.125,646.935,112.805,-0.0216666665,0.0,0.87,1.1255,35.0,0.0,-1.401256846665,0.5,500.0,24.7,-88.65,1.5,0.0,170.0,-1.3840777649999998,5.54,75.892
0.6425000000000001,1836.5,408.85,-0.005,2.0,0.6799999999999999,0.6439999999999999,57.5,0.0,-5.81779692,3.5,4650.0,74.2,-67.0,3.5,0.0,151.5,-5.803496180000001,19.240000000000002,52.591499999999996
0.605,1108.5,205.64,0.075,0.0,1.005,0.6064999999999999,43.5,0.0,-3.152311825,5.0,1800.0,41.2,-90.0,2.5,0.0,171.0,-3.072211565,7.8100000000000005,51.1095
0.732,1325.5,252.55,0.0,4.0,0.705,0.7334999999999999,64.5,0.5,-3.5442984400000004,1.0,1000.0,126.2,-59.5,2.5,0.0322836,143.0,-3.4764049349999997,12.98,57.6565
0.575,2114.5,377.6,0.24,3.0,0.675,0.5765,62.5,0.0,-6.38148815,2.0,4800.0,297.2,-60.0,5.0,0.0,147.5,-5.923018245000001,33.165,40.0715
0.632,1375.525,260.45,0.024999999999999998,5.0,0.6799999999999999,0.6335,65.0,0.5,-3.3400234400000004,0.0,4250.0,85.7,-85.0,3.0,0.0,151.0,-3.302341865,12.61,56.536500000000004
0.6065,1063.5,230.115,0.1025,0.0,0.9249999999999999,0.608,42.5,0.0,-3.158051135,5.5,1800.0,47.2,-90.0,2.5,0.0,171.5,-3.0811053349999997,7.6850000000000005,50.8815
0.575,1482.2,319.025,0.02,4.5,0.675,0.578,65.5,0.5,-3.785390995,1.0,4800.0,109.7,-12.349999999999994,3.0,0.0,149.5,-3.7194044099999997,15.3275,40.0715
0.5785,2191.0,417.35,0.06749999999999999,2.5,0.625,0.58,61.0,0.0,-6.9796500375,2.5,1900.0,252.7,-108.0,4.5,0.0,148.5,-6.80772444,21.28,40.0715
0.631,1580.0,311.495,0.145,4.0,0.6950000000000001,0.633,63.5,0.5,-4.397958915,1.5,4250.0,187.2,-55.0,4.0,0.18517845,146.0,-4.21182737,17.535,55.6015
0.629,1765.0,347.685,0.195,3.5,0.6699999999999999,0.6305,62.0,0.0,-5.36845294,2.0,4250.0,237.2,-60.0,5.0,2.865e-05,147.0,-5.0423016050000005,23.535000000000004,54.3065
0.6135,913.39,97.785,-2.2399999999999998,5.0,0.74,0.615,76.5,0.0,-2.8298173249999996,1.5,1950.0,55.7,-64.5,3.5,0.0,157.5,-2.70179298,14.135,52.7215
0.794,1368.5,216.2,-0.022500000000000003,0.5,0.735,0.7954999999999999,39.5,0.0,-3.9138927,4.5,2500.0,62.2,-105.95,2.5,0.0,161.0,-3.842880995,11.29,52.4515
0.67,708.5,76.96,-2.88,5.0,0.61,0.6719999999999999,78.5,0.0,-2.50653211,1.0,3250.0,32.2,-17.519999999999996,4.0,0.0,139.0,-2.20720597,7.585000000000001,55.4815
0.86,1305.0,243.3,-2.92,0.0,0.49,0.8674999999999999,73.0,0.5,-3.4835951575,2.0,750.0,103.2,-48.2,3.0,0.0,135.0,-3.20784061,29.345,56.817499999999995
0.624,714.04,208.985,-4.0325,5.0,0.715,0.625,74.0,0.0,-2.7516597000000003,2.0,1050.0,47.2,-54.5,3.0,0.0,157.5,-2.704298135,7.815,55.3225
0.66,986.5,132.25,-0.665,0.0,0.99,0.6645,38.0,0.5,-1.612542955,0.0,1750.0,29.7,-199.0,2.0,0.0,186.0,-1.59580537,7.955,61.8715
0.5800000000000001,2106.5,432.3,-0.005,1.5,0.6799999999999999,0.5814999999999999,58.0,0.0,-6.696835924999999,3.5,2650.0,113.7,-85.0,3.5,0.0,152.5,-6.682535185,22.525,40.0715
0.63,1676.5,314.8,0.0725,2.5,0.64,0.5115,60.5,0.0,-5.9487117524999995,2.5,250.0,212.2,-80.0,4.5,0.0,148.0,-5.802716105,20.884999999999998,54.841499999999996
0.5665,1473.0,335.76,0.285,1.0,0.885,0.5705,42.0,0.5,-4.477407685,4.0,250.0,58.7,-115.0,3.0,0.0,169.0,-4.39010882,11.145,50.073
0.7715000000000001,1432.0,276.4,0.06999999999999999,1.0,0.665,0.7735,55.5,0.0,-4.658749715,4.0,1050.0,77.2,-105.0,3.0,0.0,151.0,-4.58746947,11.315000000000001,53.817
0.7545,1553.0,287.15,-0.005,1.5,0.63,0.756,57.0,0.0,-5.240766499999999,3.5,1950.0,86.7,-90.0,3.5,0.0,147.0,-5.22646576,14.99,54.7265
0.575,2309.0,275.09,-0.005,2.0,0.6599999999999999,0.5774999999999999,59.5,0.0,-7.250536465,3.0,2400.0,222.7,-85.0,4.0,0.0,147.5,-7.236235725,30.395000000000003,40.0715
0.66,1361.0,260.45,0.0775,0.5,0.87,0.6605,40.0,0.0,-4.0034360425,4.5,1550.0,54.400000000000006,-115.0,2.5,0.0,169.5,-3.926984175,9.935,50.3315
0.704,807.8399999999999,121.44999999999999,0.095,5.0,0.73,0.7055,68.5,0.0,-1.3911361125,0.0,1200.0,69.7,-115.0,2.0,0.0,150.0,-1.3353811649999998,7.774,59.932500000000005
0.649,1525.5,359.05,-0.2275,1.0,0.78,0.6505,56.0,0.0,-5.0441154325,4.0,1550.0,69.2,-90.0,3.0,0.0,159.0,-4.990472850000001,14.74,51.5665
0.25,2896.0,590.4,0.0,5.0,0.59,0.251,50.0,0.0,-10.84610777,6.0,5300.0,322.0,96.0,6.0,0.0,139.0,-10.84610777,37.48,27.16
0.2425,2065.465,420.515,-0.065,7.5,0.8699999999999999,0.243,57.5,0.5,-6.805750665,3.5,3350.0,201.0,110.85,4.0,0.0,141.5,-6.78304347,24.39,30.994999999999997
0.186,1720.2,384.7,-1.52,7.5,0.81,0.1865,68.0,0.0,-7.4099010849999996,4.5,5650.0,178.0,103.0,5.5,0.0,150.5,-7.370745755,24.293,26.3595
0.241,1745.1100000000001,345.135,0.0775,7.5,0.77,0.241,60.0,0.0,-5.8291409975,3.0,3300.0,192.0,48.0,4.0,0.0,148.0,-5.793223405,21.845,32.32
0.3355,2332.0,481.85,0.0975,6.0,0.62,0.33599999999999997,54.0,0.0,-8.9632484575,4.5,4000.0,265.0,83.0,4.5,0.8420186,132.0,-8.91309717,26.839999999999996,30.33
0.34950000000000003,2538.0,464.95,-0.01,5.0,0.605,0.35,49.5,0.0,-10.175912154999999,6.0,4700.0,290.5,80.0,6.0,0.0,134.5,-10.175457675,29.24,29.060000000000002
0.3175,2126.885,445.45,0.005,7.5,0.6599999999999999,0.318,57.0,0.5,-7.263381295,3.5,3400.0,223.0,107.15,4.0,0.0,132.5,-7.244497525,25.54,31.994999999999997
0.34950000000000003,2353.5,469.95,0.0,5.5,0.5700000000000001,0.35,52.5,0.0,-9.565796065,5.0,3350.0,266.5,60.0,6.0,1.0553314,132.0,-9.565796065,25.645,28.9055
0.3105,1599.455,423.23,-0.45875,7.5,0.605,0.312,62.0,0.0,-6.92918153625,5.5,3600.0,166.5,62.5,4.5,0.0,136.5,-6.912249265,21.5325,28.935000000000002
0.2415,1662.875,408.3675,0.085,7.5,0.6950000000000001,0.242,62.5,0.0,-6.756454865,5.5,3650.0,168.0,62.5,4.5,0.0,147.0,-6.750006445,20.385499999999997,27.595
0.635,1909.5,359.0,-0.005,2.5,0.655,0.637,59.0,0.0,-6.19419004,3.0,2900.0,183.2,-67.0,4.0,0.0,149.5,-6.1798893,22.979999999999997,53.6515
0.365,2207.5,405.07,0.0112068965,5.0,0.63,0.365,51.0,0.0,-9.933336510170001,5.5,3550.0,260.0,48.0,6.5,0.40928645,135.5,-9.858259265000001,25.195,30.4135
0.347,2312.0,483.95,0.005,6.5,0.6399999999999999,0.34750000000000003,55.5,0.5,-8.19621617,4.0,3400.0,265.0,103.5,4.5,0.0322836,132.5,-8.142623405,27.479999999999997,31.165
0.247,2362.025,491.85,0.03,7.5,0.615,0.2475,56.0,0.5,-7.9919411700000005,3.0,6650.0,224.5,78.0,5.0,0.0,140.5,-7.968560334999999,27.11,30.045
0.245,2663.0,546.2,0.0775,5.0,0.575,0.1255,51.5,0.0,-10.6006294825,5.5,2650.0,351.0,83.0,6.5,0.0,137.5,-10.468934574999999,35.385,28.35
0.19,3295.5,506.49,0.0,4.5,0.595,0.1915,50.5,0.0,-11.902454195,6.0,4800.0,361.5,78.0,6.0,0.0,137.0,-11.902454195,44.894999999999996,13.58
0.275,2347.5,491.85,0.0825,3.0,0.8049999999999999,0.27449999999999997,31.0,0.0,-8.6553537725,7.5,3950.0,193.2,48.0,4.5,0.0,159.0,-8.593202645,24.435,23.84
0.319,1794.34,352.84999999999997,0.1,7.5,0.665,0.3195,59.5,0.0,-6.0430538425,3.0,3600.0,208.5,48.0,4.0,0.0,139.5,-6.001599635,22.273999999999997,33.441
0.29000000000000004,1993.0,311.4,-1.5825,7.5,0.585,0.29000000000000004,67.0,0.0,-7.7484984425,4.5,4650.0,180.5,86.5,5.5,0.0,127.0,-7.53053588,30.96,27.755499999999998
0.28500000000000003,2053.7,462.35,-2.0925,7.5,0.56,0.2855,64.5,0.5,-7.7310736575,5.0,3600.0,218.5,108.0,5.0,0.0,126.5,-7.562236329999999,37.209999999999994,30.689999999999998
0.19,3101.0,609.0,0.245,5.5,0.61,0.1905,53.5,0.0,-11.03340588,5.0,7200.0,436.0,103.0,7.0,0.0,137.0,-10.589236715,47.665,13.58
0.5095000000000001,1606.65,301.4,-4.2051190475,2.5,0.38,0.51,66.5,0.0,-8.12330840625,4.5,5200.0,163.5,83.85,5.5,0.0,120.5,-7.764571985,28.009999999999998,28.67
0.1895,1748.305,384.15,-0.095,7.5,0.8899999999999999,0.1905,65.5,0.5,-7.23756869,5.0,3550.0,171.0,103.0,5.0,0.0,156.5,-7.21444117,21.127,29.5515
0.19,2468.7,550.425,0.025,7.0,0.61,0.192,56.5,0.5,-8.437308725,4.0,7200.0,248.5,150.65,5.0,0.0,139.0,-8.38562288,29.8275,13.58
0.244,2751.5,579.085,0.2,6.0,0.605,0.2445,53.0,0.0,-10.02037067,5.0,6650.0,376.0,103.0,7.0,2.865e-05,136.5,-9.708520075,38.035,27.814999999999998
0.22849999999999998,1899.8899999999999,329.185,-2.235,7.5,0.675,0.22899999999999998,67.5,0.0,-7.481735055,4.5,4350.0,194.5,98.5,5.5,0.0,147.0,-7.36801145,28.634999999999998,26.23
0.409,2355.0,447.6,-0.0175,3.0,0.6699999999999999,0.4095,30.5,0.0,-8.565810429999999,7.5,4900.0,201.0,57.05,4.5,0.0,150.5,-8.509099465,25.79,25.96
0.475,2291.5,474.7,-2.915,2.5,0.425,0.4815,64.0,0.5,-8.1355128875,5.0,3150.0,242.0,114.8,5.0,0.0,124.5,-7.87405908,43.845,30.326
0.239,1700.54,440.385,-4.0275,7.5,0.6499999999999999,0.239,65.0,0.0,-7.40357743,5.0,3450.0,186.0,108.5,5.0,0.0,147.0,-7.370516605,22.314999999999998,28.831
0.3865,2418.5,507.79999999999995,0.075,3.5,0.6,0.3875,46.5,0.0,-9.310667445,7.0,3450.0,216.0,58.0,5.0,0.0,140.5,-9.253687939999999,25.814999999999998,27.325499999999998
0.1895,1736.5,376.245,-0.33,7.5,1.09,0.19,63.0,0.0,-6.5593926499999995,5.5,5900.0,167.0,63.0,4.5,0.0,155.5,-6.54950275,20.811,28.494500000000002
0.264,2512.0,590.45,-0.2225,3.5,0.715,0.2645,47.0,0.0,-9.696033162500001,7.0,3950.0,208.0,73.0,5.0,0.0,148.5,-9.65669132,29.24,25.075
0.444,1728.0,377.5,0.01,8.0,0.69,0.444,61.0,1.0,-5.54632457,2.0,1500.0,208.0,111.0,3.0,0.0645672,126.0,-5.43913904,17.48,35.17
0.3395,1481.4650000000001,314.065,-0.060000000000000005,9.0,0.9199999999999999,0.3395,63.0,1.0,-4.1558590650000005,1.5,1450.0,144.0,118.35,2.5,0.0322836,135.0,-4.0795591049999995,14.39,35.0
0.672,1330.7350000000001,334.15,0.225,4.0,0.615,0.6705,67.0,1.0,-4.645873845000001,3.5,1250.0,139.25,78.0,3.0,0.0322836,133.5,-4.544663085,14.095,31.808500000000002
0.28600000000000003,1532.665,350.96500000000003,0.02,9.0,0.77,0.2865,63.5,1.0,-4.37800859,1.5,1250.0,143.15,166.87,3.0,0.0322836,134.5,-4.31179593,15.015,17.585
0.28300000000000003,1136.2,278.25,-1.5150000000000001,9.0,0.86,0.28300000000000003,73.5,0.5,-4.760009485,2.5,3750.0,121.0,110.5,4.0,0.0322836,144.0,-4.66726139,14.293,30.3645
0.338,1161.1100000000001,238.685,0.0825,9.0,0.82,0.3375,65.5,0.5,-3.1792493975,1.0,1400.0,135.0,55.5,2.5,0.0322836,141.5,-3.08973904,11.845,36.325
0.4325,1748.0,375.4,0.10250000000000001,7.5,0.6699999999999999,0.4325,59.5,0.5,-6.3133568575000005,2.5,2100.0,208.0,90.5,3.0,0.8743021999999999,125.5,-6.209612805,16.84,34.335
0.4465,1954.0,358.5,-0.005,6.5,0.655,0.4465,55.0,0.5,-7.5260205550000006,4.0,2800.0,233.5,87.5,4.5,0.0322836,128.0,-7.471973309999999,19.240000000000002,33.065
0.4145,1542.885,339.0,0.01,9.0,0.71,0.4145,62.5,1.0,-4.613489695,1.5,1500.0,166.0,114.65,2.5,0.0322836,126.0,-4.54101316,15.54,36.0
0.4465,1769.5,363.5,0.005,7.0,0.62,0.4465,58.0,0.5,-6.915904465000001,3.0,1450.0,209.5,67.5,4.5,1.087615,125.5,-6.862311699999999,15.645,32.9105
0.4075,1015.455,316.78,-0.45375,9.0,0.655,0.4085,67.5,0.5,-4.2792899362500005,3.5,1700.0,109.5,70.0,3.0,0.0322836,130.0,-4.2087649,11.5325,32.94
0.382,1469.7,355.9,-2.0875,9.0,0.61,0.382,70.0,1.0,-5.0811820574999995,3.0,1700.0,161.5,115.5,3.5,0.0322836,120.0,-4.858751965,27.21,34.695
0.29200000000000004,2117.0,519.2850000000001,-0.16,5.0,0.76,0.294,53.0,0.5,-7.750311952500001,5.0,2050.0,173.5,55.5,3.5,0.0322836,142.0,-7.606894199999999,22.34,29.245
0.29200000000000004,981.16,218.4,-1.4487931035000001,9.0,0.855,0.29200000000000004,66.0,0.5,-2.8982150662070003,1.0,2300.0,115.0,55.5,2.5,0.0322836,139.0,-2.799485,9.8875,34.686
0.3385,1078.875,301.9175,0.09000000000000001,9.0,0.745,0.3385,68.0,0.5,-4.106563265,3.5,1750.0,111.0,70.0,3.0,0.0322836,140.5,-4.04652208,10.3855,31.6
0.28700000000000003,2233.5,470.54,0.215,7.5,0.6599999999999999,0.2875,60.5,1.0,-7.19741801,2.5,5300.0,370.5,130.5,3.0,0.27382635,131.0,-6.833147305000001,29.299999999999997,17.585
0.732,1325.5,252.55,0.0,4.0,0.705,0.7334999999999999,64.5,0.5,-3.5442984400000004,1.0,1000.0,126.2,-59.5,2.5,0.0322836,143.0,-3.4764049349999997,12.98,57.6565
0.46199999999999997,1623.5,298.62,0.0162068965,6.5,0.6799999999999999,0.4615,56.5,0.5,-7.283444910170001,3.5,1650.0,203.0,55.5,5.0,0.44157005000000005,129.0,-7.1547749,15.195,34.4185
0.347,2312.0,483.95,0.005,6.5,0.6399999999999999,0.34750000000000003,55.5,0.5,-8.19621617,4.0,3400.0,265.0,103.5,4.5,0.0322836,132.5,-8.142623405,27.479999999999997,31.165
0.35450000000000004,2239.0,533.8,0.005,6.0,0.665,0.35450000000000004,54.0,0.5,-7.81982305,4.5,5150.0,156.0,103.5,4.0,0.0322836,134.5,-7.766230285000001,23.740000000000002,30.105
0.28700000000000003,2517.0,502.55,0.25,7.0,0.6599999999999999,0.28700000000000003,59.0,0.5,-8.38351428,3.0,5300.0,379.0,110.5,5.5,0.0322836,130.5,-7.885752350000001,37.665,17.585
0.2865,1164.305,277.7,-0.09,9.0,0.94,0.28700000000000003,71.0,1.0,-4.58767709,3.0,1650.0,114.0,110.5,3.5,0.0322836,150.0,-4.510956805,11.127,33.5565
0.344,1778.025,385.4,0.034999999999999996,9.0,0.665,0.344,61.5,1.0,-5.34204957,1.0,4750.0,167.5,85.5,3.5,0.0322836,134.0,-5.26507597,17.11,34.05
0.28700000000000003,1884.7,443.975,0.030000000000000002,8.5,0.6599999999999999,0.2885,62.0,1.0,-5.787417125,2.0,5300.0,191.5,158.15,3.5,0.0322836,132.5,-5.682138515,19.8275,17.585
0.2905,2593.5,542.3,0.0775,6.5,0.61,0.2905,57.5,0.5,-8.9816761675,3.5,2400.0,334.5,62.5,5.0,0.0322836,131.5,-8.770458545,25.78,17.585
0.34299999999999997,1982.5,436.445,0.155,8.0,0.6799999999999999,0.3435,60.0,1.0,-6.399985045,2.5,4750.0,269.0,115.5,4.5,0.21746205,129.0,-6.174561475,22.035,33.115
0.34099999999999997,2167.5,472.635,0.20500000000000002,7.5,0.655,0.34099999999999997,58.5,0.5,-7.37047907,3.0,4750.0,319.0,110.5,5.5,0.03231225,130.0,-7.00503571,28.035000000000004,31.82
0.577,1058.18,193.75,-5.0784375,4.0,0.49,0.576,74.5,0.5,-4.821770644375,2.0,1250.0,113.5,155.70999999999998,4.5,0.0322836,114.5,-4.220964094999999,9.6005,35.0
0.3255,1315.8899999999999,222.735,-2.23,9.0,0.725,0.3255,73.0,0.5,-4.831843455,2.5,2450.0,137.5,106.0,4.0,0.0322836,140.5,-4.664527085,18.634999999999998,30.235
0.506,1771.0,341.15,-0.0125,4.5,0.72,0.506,36.0,0.5,-5.915918830000001,5.5,3000.0,144.0,64.55,3.0,0.0322836,144.0,-5.8056151,15.79,29.965000000000003
0.572,1707.5,368.25,-2.91,4.0,0.475,0.578,69.5,1.0,-5.485621287500001,3.0,1250.0,185.0,122.3,3.5,0.0322836,118.0,-5.170574715,33.845,34.331
0.336,1116.54,333.935,-4.0225,9.0,0.7,0.3355,70.5,0.5,-4.75368583,3.0,1550.0,129.0,116.0,3.5,0.0322836,140.5,-4.66703224,12.315000000000001,32.836
0.29200000000000004,2509.0,557.25,0.005,5.5,0.665,0.29200000000000004,54.5,0.5,-8.698862055,4.5,3150.0,195.5,85.5,4.0,0.0322836,135.5,-8.64526929,27.025,17.585
0.34199999999999997,2079.0,439.75,0.0825,6.5,0.625,0.222,57.0,0.5,-7.9507378825,3.5,750.0,294.0,90.5,5.0,0.0322836,131.0,-7.765450209999999,25.384999999999998,32.355000000000004
0.48350000000000004,1834.5,401.35,0.08,5.0,0.6499999999999999,0.484,52.0,0.5,-6.660775845,5.0,1550.0,159.0,65.5,3.5,0.0322836,134.0,-6.550203574999999,15.815000000000001,31.3305
0.2865,1152.5,269.795,-0.325,9.0,1.1400000000000001,0.2865,68.5,0.5,-3.9095010500000003,3.5,4000.0,110.0,70.5,3.0,0.0322836,149.0,-3.846018385,10.811,32.4995
0.4665,1955.5,412.1,0.005,5.5,0.615,0.4665,53.5,0.5,-7.24279263,4.5,2450.0,168.5,80.5,4.0,0.0322836,130.0,-7.189199864999999,19.490000000000002,32.24
0.28700000000000003,2711.5,400.03999999999996,0.005,6.0,0.645,0.28800000000000003,56.0,0.5,-9.252562595,4.0,2900.0,304.5,85.5,4.5,0.0322836,130.5,-9.19896983,34.895,17.585
0.41600000000000004,1210.34,246.4,0.10500000000000001,9.0,0.715,0.41600000000000004,65.0,0.5,-3.3931622425000003,1.0,1700.0,151.5,55.5,2.5,0.0322836,133.0,-3.29811527,12.274000000000001,37.446
0.361,1928.0,484.0,-0.2175,5.0,0.7649999999999999,0.361,52.5,0.5,-7.046141562500001,5.0,2050.0,151.0,80.5,3.5,0.0322836,142.0,-6.953206955000001,19.240000000000002,29.08
0.129,600.61,177.9,-0.19,10.0,1.19,0.13,81.0,1.0,-3.62902961,4.0,1800.0,20.0,110.0,4.0,0.0,174.0,-3.58277457,4.774,31.943
0.182,917.77,214.265,-0.16,10.0,1.17,0.1825,73.0,1.0,-3.197211585,2.5,1600.0,50.0,117.85,3.0,0.0,159.0,-3.15137687,8.037,33.3865
0.1805,597.415,138.885,-0.0175,10.0,1.0699999999999998,0.1805,75.5,0.5,-2.2206019175,2.0,1550.0,41.0,55.0,3.0,0.0,165.5,-2.161556805,5.492,34.7115
0.1895,1748.305,384.15,-0.095,7.5,0.8899999999999999,0.1905,65.5,0.5,-7.23756869,5.0,3550.0,171.0,103.0,5.0,0.0,156.5,-7.21444117,21.127,29.5515
0.197,1675.305,434.0,-0.095,7.0,0.915,0.1975,64.0,0.5,-6.86117557,5.5,5300.0,62.0,103.0,4.5,0.0,158.5,-6.83804805,17.387,28.491500000000002
0.1865,1214.33,285.6,-0.065,10.0,0.915,0.187,71.5,1.0,-4.383402090000001,2.0,4900.0,73.5,85.0,4.0,0.0,158.0,-4.336893735,10.757,32.4365
0.2145,1199.805,285.6,-0.012499999999999997,5.5,1.105,0.214,46.5,0.5,-5.0468146925,6.5,2200.0,42.2,55.0,3.5,0.0,176.5,-4.961536045,8.082,26.2315
0.20350000000000001,1364.305,384.2,-0.3175,6.0,1.015,0.20400000000000001,62.5,0.5,-6.0874940825,6.0,2200.0,57.0,80.0,4.0,0.0,166.0,-6.02502472,12.887,27.4665
0.244,1828.05,393.3,0.06,10.0,0.64,0.244,62.0,1.0,-5.13777457,0.0,8000.0,127.0,60.0,4.0,0.0,142.0,-5.0910129,16.74,32.93
0.2395,1531.49,321.96500000000003,-0.035,10.0,0.895,0.2395,63.5,1.0,-3.9515840650000005,0.5,4700.0,103.5,92.85,3.0,0.0,143.0,-3.9054960349999996,14.02,33.879999999999995
0.186,1582.69,358.865,0.045,10.0,0.745,0.1865,64.0,1.0,-4.17373359,0.5,4500.0,102.65,141.37,3.5,0.0,142.5,-4.13773286,14.645,16.465
0.238,1211.135,246.585,0.1075,10.0,0.7949999999999999,0.2375,66.0,0.5,-2.9749743975,0.0,4650.0,94.5,30.0,3.0,0.0,149.5,-2.91567597,11.475,35.205
0.3325,1798.025,383.3,0.1275,8.5,0.645,0.3325,60.0,0.5,-6.1090818575,1.5,5350.0,167.5,65.0,3.5,0.8420186,133.5,-6.035549735,16.47,33.215
0.34650000000000003,2004.025,366.4,0.019999999999999997,7.5,0.63,0.34650000000000003,55.5,0.5,-7.321745555,3.0,6050.0,193.0,62.0,5.0,0.0,136.0,-7.29791024,18.869999999999997,31.945
0.3145,1592.9099999999999,346.9,0.034999999999999996,10.0,0.685,0.3145,63.0,1.0,-4.409214695,0.5,4750.0,125.5,89.15,3.0,0.0,134.0,-4.36695009,15.169999999999998,34.879999999999995
0.34650000000000003,1819.525,371.4,0.03,8.0,0.595,0.34650000000000003,58.5,0.5,-6.711629465,2.0,4700.0,169.0,42.0,5.0,1.0553314,133.5,-6.68824863,15.274999999999999,31.7905
0.192,2167.025,527.1850000000001,-0.135,6.0,0.735,0.194,53.5,0.5,-7.5460369525,4.0,5300.0,133.0,30.0,4.0,0.0,150.0,-7.43283113,21.97,28.125
0.192,1031.185,226.3,-1.4237931035,10.0,0.8300000000000001,0.192,66.5,0.5,-2.6939400662070003,0.0,5550.0,74.5,30.0,3.0,0.0,147.0,-2.62542193,9.517499999999998,33.566
0.187,2283.525,478.44000000000005,0.24,8.5,0.635,0.1875,61.0,1.0,-6.993143010000001,1.5,8550.0,330.0,105.0,3.5,0.24154275,139.0,-6.659084235,28.93,16.465
0.217,1510.525,396.435,0.31625000000000003,5.5,0.8999999999999999,0.2195,37.5,0.5,-5.0326603775,4.5,5550.0,88.5,55.0,3.5,0.00040255,164.5,-4.943438710000001,11.469999999999999,26.052
0.362,1673.525,306.52,0.0412068965,7.5,0.655,0.3615,57.0,0.5,-7.07916991017,2.5,4900.0,162.5,30.0,5.5,0.40928645,137.0,-6.980711830000001,14.825,33.298500000000004
0.247,2362.025,491.85,0.03,7.5,0.615,0.2475,56.0,0.5,-7.9919411700000005,3.0,6650.0,224.5,78.0,5.0,0.0,140.5,-7.968560334999999,27.11,30.045
0.2545,2289.025,541.7,0.03,7.0,0.64,0.2545,54.5,0.5,-7.615548050000001,3.5,8400.0,115.5,78.0,4.5,0.0,142.5,-7.592167215,23.369999999999997,28.985
0.344,1778.025,385.4,0.034999999999999996,9.0,0.665,0.344,61.5,1.0,-5.34204957,1.0,4750.0,167.5,85.5,3.5,0.0322836,134.0,-5.26507597,17.11,34.05
0.187,2567.025,510.45000000000005,0.275,8.0,0.635,0.187,59.5,0.5,-8.179239280000001,2.0,8550.0,338.5,85.0,6.0,0.0,138.5,-7.71168928,37.295,16.465
0.187,1934.725,451.875,0.055,9.5,0.635,0.1885,62.5,1.0,-5.583142125,1.0,8550.0,151.0,132.65,4.0,0.0,140.5,-5.508075444999999,19.4575,16.465
0.1905,2643.525,550.2,0.1025,7.5,0.585,0.1905,58.0,0.5,-8.7774011675,2.5,5650.0,294.0,37.0,5.5,0.0,139.5,-8.596395475,25.409999999999997,16.465
0.243,2032.525,444.345,0.18,9.0,0.655,0.2435,60.5,1.0,-6.195710045,1.5,8000.0,228.5,90.0,5.0,0.18517845,137.0,-6.000498405,21.665,31.994999999999997
0.241,2217.525,480.53499999999997,0.23,8.5,0.63,0.241,59.0,0.5,-7.166204070000001,2.0,8000.0,278.5,85.0,6.0,2.865e-05,138.0,-6.830972640000001,27.665,30.7
0.40599999999999997,1821.025,349.05,0.012499999999999997,5.5,0.6950000000000001,0.40599999999999997,36.5,0.5,-5.71164383,4.5,6250.0,103.5,39.05,3.5,0.0,152.0,-5.63155203,15.419999999999998,28.845
0.192,2559.025,565.15,0.03,6.5,0.64,0.192,55.0,0.5,-8.494587055,3.5,6400.0,155.0,60.0,4.5,0.0,143.5,-8.47120622,26.655,16.465
0.242,2129.025,447.65,0.1075,7.5,0.6000000000000001,0.122,57.5,0.5,-7.7464628824999995,2.5,4000.0,253.5,65.0,5.5,0.0,139.0,-7.59138714,25.015,31.235
0.3835,1884.525,409.25,0.105,6.0,0.625,0.384,52.5,0.5,-6.456500845000001,4.0,4800.0,118.5,40.0,4.0,0.0,142.0,-6.376140505,15.445,30.2105
0.3665,2005.525,420.0,0.03,6.5,0.5900000000000001,0.3665,54.0,0.5,-7.038517629999999,3.5,5700.0,128.0,55.0,4.5,0.0,138.0,-7.015136795,19.119999999999997,31.119999999999997
0.187,2761.525,407.94,0.03,7.0,0.62,0.188,56.5,0.5,-9.048287595,3.0,6150.0,264.0,60.0,5.0,0.0,138.5,-9.02490676,34.525,16.465
0.272,1813.525,393.3,0.1125,5.5,0.8300000000000001,0.271,37.0,0.5,-5.801187172500001,4.5,5300.0,95.7,30.0,3.5,0.0,160.5,-5.7156552099999995,14.065,26.725
0.316,1260.365,254.3,0.13,10.0,0.69,0.316,65.5,0.5,-3.1888872425000003,0.0,4950.0,111.0,30.0,3.0,0.0,141.0,-3.1240522,11.904,36.326
0.261,1978.025,491.9,-0.1925,6.0,0.74,0.261,53.0,0.5,-6.8418665625,4.0,5300.0,110.5,55.0,4.0,0.0,150.0,-6.779143885,18.869999999999997,27.96
0.13,2041.4,510.45,0.05,9.0,0.63,0.133,63.0,1.0,-6.02850968,2.0,9100.0,175.0,205.3,4.0,0.0,139.0,-5.92513799,22.175,0.0
0.1825,1638.165,380.53999999999996,-0.04,9.5,0.8899999999999999,0.184,64.0,1.0,-4.39695162,1.5,5250.0,127.5,165.5,3.0,0.0,141.5,-4.32255858,16.7375,17.415
0.129,1689.365,417.44,0.04,9.5,0.74,0.131,64.5,1.0,-4.619101145,1.5,5050.0,126.65,214.02,3.5,0.0,141.0,-4.554795405,17.3625,0.0
0.181,1317.81,305.15999999999997,0.10250000000000001,9.5,0.79,0.182,66.5,0.5,-3.4203419525,1.0,5200.0,118.5,102.65,3.0,0.0,148.0,-3.332738515,14.1925,18.74
0.27549999999999997,1904.7,441.875,0.1225,8.0,0.64,0.277,60.5,0.5,-6.5544494125,2.5,5900.0,191.5,137.65,3.5,0.8420186,132.0,-6.45261228,19.1875,16.75
0.2895,2110.7,424.975,0.015000000000000001,7.0,0.625,0.29100000000000004,56.0,0.5,-7.76711311,4.0,6600.0,217.0,134.65,5.0,0.0,134.5,-7.714972785,21.5875,15.48
0.2575,1699.585,405.475,0.030000000000000002,9.5,0.6799999999999999,0.259,63.5,1.0,-4.85458225,1.5,5300.0,149.5,161.8,3.0,0.0,132.5,-4.784012635,17.8875,18.415
0.2895,1926.2,429.975,0.025,7.5,0.5900000000000001,0.29100000000000004,59.0,0.5,-7.15699702,3.0,5250.0,193.0,114.65,5.0,1.0553314,132.0,-7.105311175,17.9925,15.3255
0.135,2273.7,585.76,-0.14,5.5,0.73,0.1385,54.0,0.5,-7.9914045075,5.0,5850.0,157.0,102.65,4.0,0.0,148.5,-7.849893675,24.6875,11.66
0.135,1137.8600000000001,284.875,-1.4287931035,9.5,0.825,0.1365,67.0,0.5,-3.139307621207,1.0,6100.0,98.5,102.65,3.0,0.0,145.5,-3.0424844749999997,12.235,17.101
0.13,2390.2,537.015,0.235,8.0,0.63,0.132,61.5,1.0,-7.438510565,2.5,9100.0,354.0,177.65,3.5,0.24154275,137.5,-7.07614678,31.6475,0.0
0.16,1617.2,455.01,0.31125,5.0,0.895,0.164,38.0,0.5,-5.4780279325,5.5,6100.0,112.5,127.65,3.5,0.00040255,163.0,-5.360501255,14.1875,9.587
0.305,1780.2,365.095,0.0362068965,7.0,0.65,0.306,57.5,0.5,-7.524537465170001,3.5,5450.0,186.5,102.65,5.5,0.40928645,135.5,-7.397774375,17.5425,16.8335
0.19,2468.7,550.425,0.025,7.0,0.61,0.192,56.5,0.5,-8.437308725,4.0,7200.0,248.5,150.65,5.0,0.0,139.0,-8.38562288,29.8275,13.58
0.1975,2395.7,600.275,0.025,6.5,0.635,0.199,55.0,0.5,-8.060915605,4.5,8950.0,139.5,150.65,4.5,0.0,141.0,-8.00922976,26.0875,12.52
0.28700000000000003,1884.7,443.975,0.030000000000000002,8.5,0.6599999999999999,0.2885,62.0,1.0,-5.787417125,2.0,5300.0,191.5,158.15,3.5,0.0322836,132.5,-5.682138515,19.8275,17.585
0.13,2673.7,569.025,0.27,7.5,0.63,0.1315,60.0,0.5,-8.624606835,3.0,9100.0,362.5,157.65,6.0,0.0,137.0,-8.128751825,40.0125,0.0
0.187,1934.725,451.875,0.055,9.5,0.635,0.1885,62.5,1.0,-5.583142125,1.0,8550.0,151.0,132.65,4.0,0.0,140.5,-5.508075444999999,19.4575,16.465
0.1335,2750.2,608.775,0.0975,7.0,0.5800000000000001,0.135,58.5,0.5,-9.2227687225,3.5,6200.0,318.0,109.65,5.5,0.0,138.0,-9.01345802,28.127499999999998,0.0
0.186,2139.2,502.91999999999996,0.175,8.5,0.65,0.188,61.0,1.0,-6.6410776,2.5,8550.0,252.5,162.65,5.0,0.18517845,135.5,-6.41756095,24.3825,15.53
0.184,2324.2,539.11,0.225,8.0,0.625,0.1855,59.5,0.5,-7.611571625,3.0,8550.0,302.5,157.65,6.0,2.865e-05,136.5,-7.248035185,30.3825,14.235
0.349,1927.7,407.625,0.0075,5.0,0.69,0.3505,37.0,0.5,-6.157011385000001,5.5,6800.0,127.5,111.7,3.5,0.0,150.5,-6.048614575,18.1375,12.38
0.135,2665.7,623.725,0.025,6.0,0.635,0.1365,55.5,0.5,-8.93995461,4.5,6950.0,179.0,132.65,4.5,0.0,142.0,-8.888268765,29.372500000000002,0.0
0.185,2235.7,506.225,0.10250000000000001,7.0,0.595,0.0665,58.0,0.5,-8.1918304375,3.5,4550.0,277.5,137.65,5.5,0.0,137.5,-8.008449684999999,27.7325,14.77
0.3265,1991.2,467.825,0.1,5.5,0.62,0.3285,53.0,0.5,-6.9018684,5.0,5350.0,142.5,112.65,4.0,0.0,140.5,-6.79320305,18.1625,13.7455
0.3095,2112.2,478.575,0.025,6.0,0.585,0.311,54.5,0.5,-7.483885185,4.5,6250.0,152.0,127.65,4.5,0.0,136.5,-7.4321993399999995,21.8375,14.655
0.13,2868.2,466.515,0.025,6.5,0.615,0.1325,57.0,0.5,-9.49365515,4.0,6700.0,288.0,132.65,5.0,0.0,137.0,-9.441969305,37.2425,0.0
0.215,1920.2,451.875,0.10750000000000001,5.0,0.825,0.2155,37.5,0.5,-6.2465547274999995,5.5,5850.0,119.7,102.65,3.5,0.0,159.0,-6.132717755,16.7825,10.26
0.259,1367.04,312.875,0.125,9.5,0.685,0.2605,66.0,0.5,-3.6342547975,1.0,5500.0,135.0,102.65,3.0,0.0,139.5,-3.541114745,14.621500000000001,19.861
0.20400000000000001,2084.7,550.475,-0.1975,5.5,0.735,0.20550000000000002,53.5,0.5,-7.287234117500001,5.0,5850.0,134.5,127.65,4.0,0.0,148.5,-7.19620643,21.5875,11.495
0.13,3695.0,422.58,0.0,4.0,0.6,0.132,51.0,0.0,-12.95880062,6.0,4300.0,401.0,60.0,6.0,0.0,135.0,-12.95880062,52.31,0.0
0.1825,2464.965,336.605,-0.065,7.0,0.875,0.1835,58.0,0.5,-7.86209709,3.5,2850.0,240.5,92.85,4.0,0.0,139.5,-7.839389895,31.805,17.415
0.515,2314.235,356.69,0.22,2.0,0.5700000000000001,0.5145,62.0,0.5,-8.35211187,5.5,2650.0,235.75,52.5,4.5,0.0,138.0,-8.304493875,31.51,14.2235
0.23,2392.5,227.48999999999998,-1.5825,7.0,0.59,0.2305,67.5,0.0,-8.8048448675,4.5,4150.0,220.0,68.5,5.5,0.0,125.0,-8.586882305,38.375,14.1755
0.129,2516.165,373.505,0.015,7.0,0.725,0.1305,58.5,0.5,-8.084246615,3.5,2650.0,239.65,141.37,4.5,0.0,139.0,-8.07162672,32.43,0.0
0.3885,2405.0,288.625,-0.475,2.0,0.8,0.3895,29.0,0.5,-7.4535650925,3.0,2900.0,211.0,-48.0,4.0,0.0,168.0,-7.443029915,30.425,25.454
0.181,2144.61,261.225,0.0775,7.0,0.7749999999999999,0.1815,60.5,0.0,-6.8854874225,3.0,2800.0,231.5,30.0,4.0,0.0,146.0,-6.84956983,29.26,18.74
0.27549999999999997,2731.5,397.94,0.0975,5.5,0.625,0.27649999999999997,54.5,0.0,-10.0195948825,4.5,3500.0,304.5,65.0,4.5,0.8420186,130.0,-9.969443595,34.255,16.75
0.2895,2937.5,381.03999999999996,-0.01,4.5,0.61,0.2905,50.0,0.0,-11.23225858,6.0,4200.0,330.0,62.0,6.0,0.0,132.5,-11.2318041,36.655,15.48
0.2575,2526.385,361.53999999999996,0.005,7.0,0.665,0.2585,57.5,0.5,-8.31972772,3.5,2900.0,262.5,89.15,4.0,0.0,130.5,-8.30084395,32.955,18.415
0.2895,2753.0,386.03999999999996,0.0,5.0,0.575,0.2905,53.0,0.0,-10.62214249,5.0,2850.0,306.0,42.0,6.0,1.0553314,130.0,-10.62214249,33.06,15.3255
0.2505,1998.955,339.32,-0.45875,7.0,0.61,0.2525,62.5,0.0,-7.98552796125,5.5,3100.0,206.0,44.5,4.5,0.0,134.5,-7.96859569,28.9475,15.355
0.225,2453.2,378.44,-2.0925,7.0,0.565,0.226,65.0,0.5,-8.787420082499999,5.0,3100.0,258.0,90.0,5.0,0.0,124.5,-8.618582755,44.625,17.11
0.135,3100.5,541.825,-0.165,3.0,0.715,0.138,48.0,0.0,-11.4565499775,7.0,3450.0,270.0,30.0,5.0,0.0,146.5,-11.36672499,39.755,11.66
0.135,1964.66,240.94,-1.4537931035,7.0,0.81,0.136,61.0,0.0,-6.604453091207,3.0,3700.0,211.5,30.0,4.0,0.0,143.5,-6.55931579,27.302500000000002,17.101
0.1815,2062.375,324.4575,0.085,7.0,0.7,0.1825,63.0,0.0,-7.8128012899999995,5.5,3150.0,207.5,44.5,4.5,0.0,145.0,-7.8063528699999996,27.8005,14.015
0.575,2309.0,275.09,-0.005,2.0,0.6599999999999999,0.5774999999999999,59.5,0.0,-7.250536465,3.0,2400.0,222.7,-85.0,4.0,0.0,147.5,-7.236235725,30.395000000000003,40.0715
0.305,2607.0,321.15999999999997,0.0112068965,4.5,0.635,0.3055,51.5,0.0,-10.98968293517,5.5,3050.0,299.5,30.0,6.5,0.40928645,133.5,-10.91460569,32.61,16.8335
0.19,3295.5,506.49,0.0,4.5,0.595,0.1915,50.5,0.0,-11.902454195,6.0,4800.0,361.5,78.0,6.0,0.0,137.0,-11.902454195,44.894999999999996,13.58
0.28700000000000003,2711.5,400.03999999999996,0.005,6.0,0.645,0.28800000000000003,56.0,0.5,-9.252562595,4.0,2900.0,304.5,85.5,4.5,0.0322836,130.5,-9.19896983,34.895,17.585
0.4495,2006.15,217.48999999999998,-4.2051190475,2.0,0.385,0.4505,67.0,0.0,-9.17965483125,4.5,4700.0,203.0,65.85,5.5,0.0,118.5,-8.82091841,35.425,15.09
0.187,2761.525,407.94,0.03,7.0,0.62,0.188,56.5,0.5,-9.048287595,3.0,6150.0,264.0,60.0,5.0,0.0,138.5,-9.02490676,34.525,16.465
0.13,2868.2,466.515,0.025,6.5,0.615,0.1325,57.0,0.5,-9.49365515,4.0,6700.0,288.0,132.65,5.0,0.0,137.0,-9.441969305,37.2425,0.0
0.186,2966.0,458.985,0.15,6.0,0.635,0.1875,55.0,0.5,-10.10622307,4.5,6150.0,365.5,90.0,6.0,0.18517845,133.5,-9.934392265,39.45,15.53
0.184,3151.0,495.17499999999995,0.2,5.5,0.61,0.185,53.5,0.0,-11.076717095,5.0,6150.0,415.5,85.0,7.0,2.865e-05,134.5,-10.7648665,45.45,14.235
0.349,2754.5,363.69,-0.0175,2.5,0.675,0.35,31.0,0.0,-9.622156855,7.5,4400.0,240.5,39.05,4.5,0.0,148.5,-9.56544589,33.205,12.38
0.415,2691.0,390.78999999999996,-2.915,2.0,0.43,0.422,64.5,0.5,-9.1918593125,5.0,2650.0,281.5,96.8,5.0,0.0,122.5,-8.930405505,51.260000000000005,16.746
0.215,2372.5,279.74,-0.66,2.0,0.9299999999999999,0.219,29.5,0.5,-7.32080711,3.0,3650.0,208.0,-54.0,4.0,0.0,173.5,-7.318370265,29.87,21.8
0.1295,2136.0,292.335,-0.33,7.0,1.095,0.1305,63.5,0.0,-7.6157390750000005,5.5,5400.0,206.5,45.0,4.5,0.0,153.5,-7.6058491749999995,28.226000000000003,14.9145
0.3095,2939.0,434.64,0.0,3.5,0.5700000000000001,0.3105,48.5,0.0,-10.949030655,6.5,3850.0,265.0,55.0,5.5,0.0,134.5,-10.949030655,36.905,14.655
0.215,2747.0,407.94,0.0825,2.5,0.81,0.215,31.5,0.0,-9.7117001975,7.5,3450.0,232.7,30.0,4.5,0.0,157.0,-9.649549069999999,31.85,10.26
0.259,2193.84,268.94,0.1,7.0,0.6699999999999999,0.26,60.0,0.0,-7.0994002675,3.0,3100.0,248.0,30.0,4.0,0.0,137.5,-7.05794606,29.689,19.861
0.20400000000000001,2911.5,506.53999999999996,-0.2225,3.0,0.72,0.20500000000000002,47.5,0.0,-10.7523795875,7.0,3450.0,247.5,55.0,5.0,0.0,146.5,-10.713037745000001,36.655,11.495
0.278,2128.0,590.5,-0.445,2.0,0.84,0.278,44.0,0.0,-8.545958555,8.0,2600.0,94.0,50.0,4.0,0.0,158.0,-8.46727487,21.0,22.99
0.36350000000000005,2154.0,465.0,-0.2325,3.5,0.73,0.36350000000000005,46.5,0.0,-9.0258375475,7.0,3350.0,176.5,57.0,5.0,0.0,144.0,-8.986041225000001,21.0,26.975
0.3315,1742.885,445.5,-0.2175,6.0,0.7849999999999999,0.3315,54.0,0.5,-6.1133066875,4.5,2050.0,109.0,84.15,3.0,0.0,142.0,-6.055081075,17.3,29.909999999999997
0.3835,2155.5,518.6,-0.2225,2.5,0.69,0.3835,45.0,0.0,-8.7426096225,7.5,3000.0,111.5,50.0,4.5,0.0,146.0,-8.703267780000001,21.25,26.15
0.333,1410.34,352.9,-0.1225,6.0,0.79,0.333,56.5,0.0,-4.892979235,4.0,2250.0,94.5,25.0,3.0,0.0,149.0,-4.812183185,14.033999999999999,31.356
0.264,2512.0,590.45,-0.2225,3.5,0.715,0.2645,47.0,0.0,-9.696033162500001,7.0,3950.0,208.0,73.0,5.0,0.0,148.5,-9.65669132,29.24,25.075
0.20400000000000001,2911.5,506.53999999999996,-0.2225,3.0,0.72,0.20500000000000002,47.5,0.0,-10.7523795875,7.0,3450.0,247.5,55.0,5.0,0.0,146.5,-10.713037745000001,36.655,11.495
0.589,1530.7350000000001,440.65,-0.0025000000000000022,1.0,0.69,0.5875,58.5,0.5,-6.1456908375,6.5,1800.0,82.25,47.5,3.5,0.0,149.5,-6.058731,15.855,25.7185
0.203,1732.665,457.46500000000003,-0.20750000000000002,6.0,0.845,0.20350000000000001,55.0,0.5,-5.8778255825,4.5,1800.0,86.15,136.37,3.5,0.0,150.5,-5.825863845000001,16.775,11.495
0.2565,1681.4650000000001,420.565,-0.2875,6.0,0.9949999999999999,0.2565,54.5,0.5,-5.6556760575,4.5,2000.0,87.0,87.85,3.0,0.0,151.0,-5.5936270200000004,16.15,28.909999999999997
0.2715,2439.0,640.3,-0.2225,3.0,0.74,0.2715,45.5,0.0,-9.319640042500001,7.5,5700.0,99.0,73.0,4.5,0.0,150.5,-9.2802982,25.5,24.015
0.20900000000000002,2709.0,663.75,-0.2225,2.5,0.74,0.20900000000000002,46.0,0.0,-10.1986790475,7.5,3700.0,138.5,55.0,4.5,0.0,151.5,-10.159337205,28.785,11.495
0.4005,2034.5,507.85,-0.14750000000000002,2.0,0.725,0.401,43.5,0.0,-8.160592837500001,8.0,2100.0,102.0,35.0,4.0,0.0,150.0,-8.06427149,17.575,25.240499999999997
0.20900000000000002,2317.0,625.7850000000001,-0.3875,2.0,0.835,0.21100000000000002,44.5,0.0,-9.250128945,8.0,2600.0,116.5,25.0,4.0,0.0,158.0,-9.120962115000001,24.1,23.155
0.253,1316.54,440.435,-4.25,6.0,0.7749999999999999,0.2525,62.0,0.0,-6.2535028225,6.0,2100.0,72.0,85.5,4.0,0.0,156.5,-6.181100155,14.075,26.746
